{"cameraMode":{"drawMode":0,"name":"Shaded","section":"Shading Mode"},"sceneLighting":false,"audioPlay":false,"sceneViewState":{"m_AlwaysRefresh":false,"showFog":true,"showSkybox":false,"showFlares":true,"showImageEffects":true,"showParticleSystems":true,"showVisualEffectGraphs":true,"m_FxEnabled":true},"in2DMode":false,"pivot":{"x":-0.001499861478805542,"y":0.7088040113449097,"z":-0.01789247989654541},"rotation":{"x":0.19800852239131928,"y":-0.7116297483444214,"z":0.22130194306373597,"w":0.6367202401161194},"size":1.266980528831482,"orthographic":false}