{"cameraMode":{"drawMode":0,"name":"Shaded","section":"Shading Mode"},"sceneLighting":false,"audioPlay":false,"sceneViewState":{"m_AlwaysRefresh":false,"showFog":true,"showSkybox":false,"showFlares":true,"showImageEffects":true,"showParticleSystems":true,"showVisualEffectGraphs":true,"m_FxEnabled":true},"in2DMode":false,"pivot":{"x":-1.6362977027893067,"y":2.7119932174682619,"z":1.6102988719940186},"rotation":{"x":-0.04613092914223671,"y":-0.7131539583206177,"z":0.04713411629199982,"w":-0.6979194283485413},"size":3.2183477878570558,"orthographic":true}