{"cameraMode":{"drawMode":0,"name":"Shaded","section":"Shading Mode"},"sceneLighting":false,"audioPlay":false,"sceneViewState":{"m_AlwaysRefresh":false,"showFog":true,"showSkybox":false,"showFlares":true,"showImageEffects":true,"showParticleSystems":true,"showVisualEffectGraphs":true,"m_FxEnabled":true},"in2DMode":false,"pivot":{"x":-2.1300008296966554,"y":0.9225788116455078,"z":3.109999656677246},"rotation":{"x":0.005458243656903505,"y":0.9794409871101379,"z":-0.19987830519676209,"w":0.026746442541480066},"size":0.5173554420471191,"orthographic":false}