{"cameraMode":{"drawMode":0,"name":"Shaded","section":"Shading Mode"},"sceneLighting":false,"audioPlay":false,"sceneViewState":{"m_AlwaysRefresh":false,"showFog":true,"showSkybox":false,"showFlares":true,"showImageEffects":true,"showParticleSystems":true,"showVisualEffectGraphs":true,"m_FxEnabled":true},"in2DMode":false,"pivot":{"x":0.4127611219882965,"y":2.4650959968566896,"z":-0.04475736618041992},"rotation":{"x":0.38709452748298647,"y":0.010237290523946286,"z":-0.004296307452023029,"w":0.9219842553138733},"size":2.194101333618164,"orthographic":true}