{"cameraMode":{"drawMode":0,"name":"Shaded","section":"Shading Mode"},"sceneLighting":true,"audioPlay":false,"sceneViewState":{"m_AlwaysRefresh":false,"showFog":true,"showSkybox":false,"showFlares":true,"showImageEffects":true,"showParticleSystems":true,"showVisualEffectGraphs":true,"m_FxEnabled":true},"in2DMode":false,"pivot":{"x":-0.020544197410345079,"y":1.0660037994384766,"z":-0.13870534300804139},"rotation":{"x":0.38709452748298647,"y":0.010237290523946286,"z":-0.004296307452023029,"w":0.9219842553138733},"size":3.7360517978668215,"orthographic":true}