{"cameraMode":{"drawMode":0,"name":"Shaded","section":"Shading Mode"},"sceneLighting":false,"audioPlay":false,"sceneViewState":{"m_AlwaysRefresh":false,"showFog":true,"showSkybox":false,"showFlares":true,"showImageEffects":true,"showParticleSystems":true,"showVisualEffectGraphs":true,"m_FxEnabled":true},"in2DMode":false,"pivot":{"x":-6.258487701416016e-7,"y":0.2892141342163086,"z":-2.980232238769531e-7},"rotation":{"x":0.38709452748298647,"y":0.010237290523946286,"z":-0.004296307452023029,"w":0.9219842553138733},"size":0.5173554420471191,"orthographic":true}